<?xml version="1.0" encoding="UTF-8"?><artifacts>
    <artifact name="GetAllOrderList" groupId="com.example.endpoint" version="1.0.0" type="synapse/endpoint" serverRole="EnterpriseServiceBus">
        <file>src/main/synapse-config/endpoints/GetAllOrderList.xml</file>
    </artifact>
    <artifact name="ListOrderMessage" groupId="com.example.api" version="1.0.0" type="synapse/api" serverRole="EnterpriseServiceBus">
        <file>src/main/synapse-config/api/ListOrderMessage.xml</file>
    </artifact>
    <artifact name="ListOrderMessage_swagger" groupId="com.example.metadata" version="1.0.0" type="synapse/metadata" serverRole="EnterpriseServiceBus">
        <file>src/main/resources/metadata/ListOrderMessage_swagger.yaml</file>
    </artifact>
    <artifact name="ListOrderMessage_metadata" groupId="com.example.metadata" version="1.0.0" type="synapse/metadata" serverRole="EnterpriseServiceBus">
        <file>src/main/resources/metadata/ListOrderMessage_metadata.yaml</file>
    </artifact>
    <artifact name="ListAllMenu" groupId="com.example.endpoint" version="1.0.0" type="synapse/endpoint" serverRole="EnterpriseServiceBus">
        <file>src/main/synapse-config/endpoints/ListAllMenu.xml</file>
    </artifact>
    <artifact name="GetAllMenu" groupId="com.example.api" version="1.0.0" type="synapse/api" serverRole="EnterpriseServiceBus">
        <file>src/main/synapse-config/api/GetAllMenu.xml</file>
    </artifact>
    <artifact name="GetAllMenu_swagger" groupId="com.example.metadata" version="1.0.0" type="synapse/metadata" serverRole="EnterpriseServiceBus">
        <file>src/main/resources/metadata/GetAllMenu_swagger.yaml</file>
    </artifact>
    <artifact name="GetAllMenu_metadata" groupId="com.example.metadata" version="1.0.0" type="synapse/metadata" serverRole="EnterpriseServiceBus">
        <file>src/main/resources/metadata/GetAllMenu_metadata.yaml</file>
    </artifact>
    <artifact name="PostMenu" groupId="com.example.endpoint" version="1.0.0" type="synapse/endpoint" serverRole="EnterpriseServiceBus">
        <file>src/main/synapse-config/endpoints/PostMenu.xml</file>
    </artifact>
    <artifact name="UpdateMenu" groupId="com.example.endpoint" version="1.0.0" type="synapse/endpoint" serverRole="EnterpriseServiceBus">
        <file>src/main/synapse-config/endpoints/UpdateMenu.xml</file>
    </artifact>
    <artifact name="UpdateMenuByID" groupId="com.example.api" version="1.0.0" type="synapse/api" serverRole="EnterpriseServiceBus">
        <file>src/main/synapse-config/api/UpdateMenuByID.xml</file>
    </artifact>
    <artifact name="UpdateMenuByID_swagger" groupId="com.example.metadata" version="1.0.0" type="synapse/metadata" serverRole="EnterpriseServiceBus">
        <file>src/main/resources/metadata/UpdateMenuByID_swagger.yaml</file>
    </artifact>
    <artifact name="UpdateMenuByID_metadata" groupId="com.example.metadata" version="1.0.0" type="synapse/metadata" serverRole="EnterpriseServiceBus">
        <file>src/main/resources/metadata/UpdateMenuByID_metadata.yaml</file>
    </artifact>
    <artifact name="DeleteMenu" groupId="com.example.endpoint" version="1.0.0" type="synapse/endpoint" serverRole="EnterpriseServiceBus">
        <file>src/main/synapse-config/endpoints/DeleteMenu.xml</file>
    </artifact>
    <artifact name="DeleteMenuById" groupId="com.example.api" version="1.0.0" type="synapse/api" serverRole="EnterpriseServiceBus">
        <file>src/main/synapse-config/api/DeleteMenuById.xml</file>
    </artifact>
    <artifact name="DeleteMenuById_swagger" groupId="com.example.metadata" version="1.0.0" type="synapse/metadata" serverRole="EnterpriseServiceBus">
        <file>src/main/resources/metadata/DeleteMenuById_swagger.yaml</file>
    </artifact>
    <artifact name="DeleteMenuById_metadata" groupId="com.example.metadata" version="1.0.0" type="synapse/metadata" serverRole="EnterpriseServiceBus">
        <file>src/main/resources/metadata/DeleteMenuById_metadata.yaml</file>
    </artifact>
    <artifact name="CreateNewMenu" groupId="com.example.api" version="1.0.0" type="synapse/api" serverRole="EnterpriseServiceBus">
        <file>src/main/synapse-config/api/CreateNewMenu.xml</file>
    </artifact>
    <artifact name="CreateNewMenu_swagger" groupId="com.example.metadata" version="1.0.0" type="synapse/metadata" serverRole="EnterpriseServiceBus">
        <file>src/main/resources/metadata/CreateNewMenu_swagger.yaml</file>
    </artifact>
    <artifact name="CreateNewMenu_metadata" groupId="com.example.metadata" version="1.0.0" type="synapse/metadata" serverRole="EnterpriseServiceBus">
        <file>src/main/resources/metadata/CreateNewMenu_metadata.yaml</file>
    </artifact>
</artifacts>
