<?xml version="1.0" encoding="UTF-8"?>
<api context="/create-menu" name="CreateNewMenu" xmlns="http://ws.apache.org/ns/synapse">
    <resource methods="POST">
        <inSequence>
            <log description="Request Log" level="custom">
                <property name="Request Log" value="&quot;Request Masuk Dari Client POST&quot;"/>
            </log>
            <send>
                <endpoint key="PostMenu"/>
            </send>
        </inSequence>
        <outSequence>
            <send/>
        </outSequence>
        <faultSequence/>
    </resource>
</api>
