<?xml version="1.0" encoding="UTF-8"?>
<api context="/list-order" name="ListOrderMessage" xmlns="http://ws.apache.org/ns/synapse">
    <resource methods="GET">
        <inSequence>
            <log description="Request Log" level="custom">
                <property name="Request Log" value="&quot;Request Masuk&quot;"/>
            </log>
            <send>
                <endpoint key="GetAllOrderList"/>
            </send>
        </inSequence>
        <outSequence>
            <send/>
        </outSequence>
        <faultSequence/>
    </resource>
</api>
