<?xml version="1.0" encoding="UTF-8"?>
<api context="/update-menu" name="UpdateMenuByID" xmlns="http://ws.apache.org/ns/synapse">
    <resource methods="PUT" uri-template="/{menuId}">
        <inSequence>
            <log description="Request Log" level="custom">
                <property name="Request Log" value="&quot;Request Update Masuk&quot;"/>
            </log>
            <property description="id" expression="get-property('uri.var.menuId')" name="uri.var.menuId" scope="default" type="STRING"/>
            <send>
                <endpoint key="UpdateMenu"/>
            </send>
        </inSequence>
        <outSequence>
            <send/>
        </outSequence>
        <faultSequence/>
    </resource>
</api>
