<?xml version="1.0" encoding="UTF-8"?>
<endpoint name="UpdateMenu" xmlns="http://ws.apache.org/ns/synapse">
    <http method="put" uri-template="http://127.0.0.1:8000/api/menu/{uri.var.menuId}">
        <suspendOnFailure>
            <initialDuration>-1</initialDuration>
            <progressionFactor>1.0</progressionFactor>
        </suspendOnFailure>
        <markForSuspension>
            <retriesBeforeSuspension>0</retriesBeforeSuspension>
        </markForSuspension>
    </http>
</endpoint>
